Reference,Qty,PART-NUMBER,Value,DNP,Footprint,Datasheet,Description
AE2,1,MMCX-J-P-H-RA-TH1,MMCX-J-P-H-RA-TH1,,Connector_Coaxial:MMCX_Molex_73415-1471_Vertical,https://mm.digikey.com/Volume0/opasdata/d220001/medias/docus/6129/mmcx-j-p-x-ra-th1-mkt.pdf,Antenna with extra pin for shielding
C14,1,GRJ32ER71A476KE11L,47uF,,Capacitor_SMD:C_1210_3225Metric,~,"Unpolarized capacitor, small symbol"
"C15,C37,C61",3,GRM155C81A105KA2J,1uF,,Capacitor_SMD:C_0402_1005Metric,~,"Unpolarized capacitor, small symbol"
"C16,C17,C18,C19,C23",5,GMC10X7R475K10NT,4.7uF,,Capacitor_SMD:C_0603_1608Metric,~,"Unpolarized capacitor, small symbol"
"C20,C38,C43,C60",4,GRM152R61A104KE19D,.1uF,,Capacitor_SMD:C_0402_1005Metric,~,"Unpolarized capacitor, small symbol"
"C39,C40,C66",3,GJM1555C1H100GB01,10pF,,Capacitor_SMD:C_0402_1005Metric,~,"Unpolarized capacitor, small symbol"
C41,1,GJM1555C1H390GB01,39p,,Capacitor_SMD:C_0402_1005Metric,~,"Unpolarized capacitor, small symbol"
C42,1,GJM1555C1H240GB01,24p,,Capacitor_SMD:C_0402_1005Metric,~,"Unpolarized capacitor, small symbol"
"C44,C45,C46,C47,C48,C49,C50,C51,C52,C55,C56,C59,C64",13,GRM155R71E473KA8J,47n,,Capacitor_SMD:C_0402_1005Metric,~,"Unpolarized capacitor, small symbol"
C53,1,GRM15R61J224KE01D,220n,,Capacitor_SMD:C_0402_1005Metric,~,"Unpolarized capacitor, small symbol"
C54,1,GRM155R71E103KA1J,10n,,Capacitor_SMD:C_0402_1005Metric,~,"Unpolarized capacitor, small symbol"
C57,1,GRM033R71A152KA01D,1n5,,Capacitor_SMD:C_0402_1005Metric,~,"Unpolarized capacitor, small symbol"
"C58,C62,C63",3,GRM1555C1H102GA1J,1n,,Capacitor_SMD:C_0402_1005Metric,~,"Unpolarized capacitor, small symbol"
C65,1,GJM1555C1H180GB01,18p,,Capacitor_SMD:C_0402_1005Metric,~,GRM0222C1C180GA02
"FB1,FB2",2,2508051217Y6,2508051217Y6,,Inductor_SMD:L_0805_2012Metric_Pad1.05x1.20mm_HandSolder,https://www.fair-rite.com/wp-content/themes/fair-rite/print_product.php?pid=19226,"Ferrite bead, small symbol"
J1,1,DF40C-24DP-0.4V,DF40C-24DP-0.4V,,DF40C:CONN24_6p32X1p85_hdr_HIR,https://www.hirose.com/en/product/document?clcode=&productname=&series=DF40&documenttype=Catalog&lang=en&documentid=en_DF40_CAT,
L3,1,LQW15AN39NG80D,39n,,Inductor_SMD:L_0402_1005Metric,~,"Inductor, small symbol"
L10,1,LQW15AN5N6C10D,5.6nH,,Inductor_SMD:L_0402_1005Metric,~,"Inductor, small symbol"
L11,1,LQW15AN33NG80D,33n,,Inductor_SMD:L_0402_1005Metric,~,"Inductor, small symbol"
L12,1,LQW15AW56NG80D,56n,,Inductor_SMD:L_0402_1005Metric,~,"Inductor, small symbol"
L13,1,LQW15AW51NG80D,51n,,Inductor_SMD:L_0402_1005Metric,~,"Inductor, small symbol"
L14,1,LQW15AN6N8G80D,6.8n,,Inductor_SMD:L_0402_1005Metric,,"Inductor, small symbol"
L15,1,LQW15AN20NG80D,20n,,Inductor_SMD:L_0402_1005Metric,~,"Inductor, small symbol"
L16,1,LQW15AN22NG80D,22n,,Inductor_SMD:L_0402_1005Metric,~,"Inductor, small symbol"
"MP1,MP2,MP3",3,9774015943R,WA-SMSI_9774XXX243,,Mounting_Wuerth:Mounting_Wuerth_WA-SMSI-M2_H2.5mm_9774025243,https://www.we-online.com/components/products/datasheet/9774015943R.pdf,
"Q1,Q2,Q3",3,OnSemi BSS138 ,BSS138,,Package_TO_SOT_SMD:SOT-23,https://www.onsemi.com/pub/Collateral/BSS138-D.PDF,"50V Vds, 0.22A Id, N-Channel MOSFET, SOT-23"
"R8,R18,R20",3,RC0402FR-073K3L,3k3,,Resistor_SMD:R_0402_1005Metric,~,"Resistor, small symbol"
"R9,R13,R19,R21",4,RC0402FR-136K8L,6k8,,Resistor_SMD:R_0402_1005Metric,~,"Resistor, small symbol"
"R10,R11,R26,R28",4,RC0402FR-0727KP,27k,,Resistor_SMD:R_0402_1005Metric,~,"Resistor, small symbol"
R12,1,RC0402FR-1356KL,56k 1%,,Resistor_SMD:R_0402_1005Metric,~,"Resistor, small symbol"
R15,1,RT1206FRD0751RL,51 1%,,Resistor_SMD:R_1206_3216Metric,~,"Resistor, small symbol"
R16,1,RT0402FRE0751RL,51 1%,,Resistor_SMD:R_0402_1005Metric,~,"Resistor, small symbol"
"R22,R23,R24,R25,R27",5,RC0402JR-070RL,0,,Resistor_SMD:R_0402_1005Metric,~,"Resistor, small symbol"
U3,1,GRF5504,GRF5504,,Package_DFN_QFN:LQFN-16-1EP_3x3mm_P0.5mm_EP1.7x1.7mm,https://www.guerrilla-rf.com/products/DataSheet?sku=5504&file_name=GRF5504DS.pdf,
U4,1,TPS7A4701RGWR,TPS7A4701xRGW,,Package_DFN_QFN:Texas_RGW0020A_VQFN-20-1EP_5x5mm_P0.65mm_EP3.15x3.15mm_ThermalVias,https://www.ti.com/lit/ds/symlink/tps7a47.pdf,"1A, Low-Noise Low-Dropout Voltage Regulator, 3-35V Input, Adjustable 1.4-34V Output, VQFN-20"
U5,1,CC1200RHBR,CC1200,,Package_DFN_QFN:QFN-32-1EP_5x5mm_P0.5mm_EP3.45x3.45mm,https://www.ti.com/general/docs/suppproductinfo.tsp?distId=10&gotoUrl=https%3A%2F%2Fwww.ti.com%2Flit%2Fgpn%2Fcc1200,"Low-Power, High-Performance RF Transceiver, QFN-32"
U6,1,AT24CS01-STUM-T,AT24CS01-STUM,,Package_TO_SOT_SMD:SOT-23-5,https://ww1.microchip.com/downloads/aemDocuments/documents/MPD/ProductDocuments/DataSheets/20006330A.pdf,"I2C Serial EEPROM, 1Kb (128x8) with Unique Serial Number, SOT-23-5"
U7,1,SKY13330-397LF,SKY13330-397LF,,SKY13330-397LF:QFN_330-397LF_SKY,https://www.skyworksinc.com/-/media/B49B0E0897F04C66BD3D7DFD2A11187B.pdf,
Y4,1,TG-5006CG-43L 40.0000M3,TG-5021CG,,Oscillator:Oscillator_SMD_SeikoEpson_TG2520SMN-xxx-xxxxxx-4Pin_2.5x2.0mm,https://support.epson.biz/td/api/doc_check.php?dl=brief_TG-5006CG&lang=en,Crystal Oscillator Low Profile / High Stability TCXO
